{
  "model": "mimo-v2.5-pro",
  "n": 100,
  "timestamp": "2026-06-13 21:37:33",
  "results": {
    "baseline": {
      "mean": 5.78,
      "std": 1.171153277756588,
      "median": 6.0,
      "scores": [
        6,
        6,
        6,
        6,
        7,
        6,
        6,
        6,
        8,
        6,
        6,
        6,
        6,
        6,
        6,
        6,
        6,
        6,
        6,
        7,
        6,
        6,
        6,
        6,
        6,
        6,
        6,
        7,
        6,
        8,
        6,
        6,
        6,
        6,
        6,
        6,
        6,
        6,
        7,
        6,
        8,
        5,
        6,
        6,
        2,
        6,
        6,
        7,
        5,
        6,
        7,
        2,
        6,
        6,
        6,
        8,
        6,
        7,
        6,
        6,
        7,
        6,
        6,
        6,
        6,
        7,
        6,
        6,
        6,
        6,
        6,
        6,
        6,
        6,
        6,
        6,
        6,
        6,
        6,
        6,
        3,
        4,
        3,
        6,
        3,
        5,
        3,
        4,
        6,
        3,
        3,
        3,
        4,
        5,
        7,
        6,
        7,
        4,
        6,
        6
      ],
      "time": 2945.9031369686127
    },
    "cot": {
      "mean": 5.74,
      "std": 1.128007092176286,
      "median": 6.0,
      "scores": [
        6,
        6,
        6,
        6,
        7,
        6,
        6,
        6,
        6,
        6,
        6,
        6,
        6,
        6,
        3,
        6,
        6,
        6,
        6,
        7,
        6,
        4,
        7,
        6,
        6,
        6,
        6,
        7,
        6,
        8,
        6,
        6,
        6,
        6,
        6,
        2,
        6,
        7,
        7,
        6,
        5,
        6,
        5,
        6,
        2,
        6,
        4,
        1,
        6,
        5,
        6,
        6,
        5,
        6,
        6,
        7,
        5,
        8,
        5,
        6,
        7,
        6,
        6,
        6,
        6,
        7,
        6,
        6,
        6,
        6,
        6,
        6,
        6,
        6,
        6,
        6,
        6,
        6,
        6,
        6,
        7,
        3,
        6,
        6,
        4,
        3,
        5,
        5,
        6,
        6,
        3,
        5,
        5,
        6,
        6,
        6,
        7,
        6,
        6,
        6
      ],
      "time": 3702.401438474655
    },
    "expert": {
      "mean": 6.03,
      "std": 0.8994998610338971,
      "median": 6.0,
      "scores": [
        6,
        6,
        6,
        6,
        6,
        6,
        6,
        6,
        8,
        6,
        6,
        6,
        6,
        6,
        6,
        6,
        6,
        6,
        6,
        7,
        6,
        6,
        4,
        6,
        6,
        6,
        6,
        6,
        6,
        8,
        6,
        6,
        6,
        6,
        6,
        6,
        6,
        6,
        7,
        6,
        7,
        6,
        6,
        7,
        2,
        6,
        6,
        2,
        6,
        6,
        7,
        2,
        6,
        6,
        6,
        7,
        6,
        8,
        6,
        6,
        7,
        6,
        6,
        6,
        6,
        7,
        6,
        6,
        6,
        6,
        6,
        6,
        6,
        6,
        6,
        6,
        6,
        6,
        8,
        5,
        7,
        6,
        6,
        6,
        5,
        6,
        6,
        6,
        6,
        6,
        6,
        7,
        6,
        6,
        6,
        6,
        7,
        6,
        6,
        6
      ],
      "time": 3857.7373583316803
    }
  }
}